url,status
https://lfillumination.com/files/specsheets/EF411B.PDF,404
https://www.acuitybrands.com/api/products/getasset/holophane/1649332/4408a251-09be-4b61-813f-177b3ebcf10c/holophane-care222-hldmpc-cylinder-pendant-with-cord.pdf?abl_version=01%2f12%2f2023+16%3a54%3a24&DOC_Type=SPEC_SHEET,404
https://beghelliusa.com/wp-content/uploads/2022/05/testa_spec.pdf,404
https://lfillumination.com/files/specsheets/EF411B.PDF,404
https://lfillumination.com/files/specsheets/EF411B.PDF,404
https://www.acuitybrands.com/api/products/getasset/holophane/1649332/4408a251-09be-4b61-813f-177b3ebcf10c/holophane-care222-hldmpc-cylinder-pendant-with-cord.pdf?abl_version=01%2f12%2f2023+16%3a54%3a24&DOC_Type=SPEC_SHEET,404
https://beghelliusa.com/wp-content/uploads/2022/05/testa_spec.pdf,404
https://beghelliusa.com/wp-content/uploads/2022/06/mpl-spec-15-280w_combined.pdf,404
https://lithonia.acuitybrands.com/api/products/getasset/lithonia-lighting/47332/28a353c1-2a40-4bec-81c0-2083787604bf/msfl.pdf?abl_version=10%2f04%2f2022+22%3a57%3a52&DOC_Type=SPEC_SHEET,404
https://www.axislighting.com/application/files/1816/6967/0425/Graze_Perfekt-Perimeter-Recessed.SPEC.pdf,404
https://www.contechlighting.com/en/docs/CLB_0720.pdf,404
https://www.lsicorp.com/wp-content/uploads/2020/05/augustaaud-aupleddatasheet.pdf,404
https://www.lsicorp.com/wp-content/uploads/documents/products/constitution-xcn4-specsheet.pdf,404
https://insightlighting.com/download/scope-large-pendant-color-changing-specification-sheet/,500
https://insightlighting.com/download/pex-direct-view-color-changing-specification-sheets/,500
https://www.axislighting.com/application/files/1216/7786/1717/EDGE2-Wall.SPEC.pdf,404
https://www.contechlighting.com/en/docs/AW_SERIES_2022.pdf,404
https://www.intenselighting.com/en/docs/IL_MXG2PSD_WD.pdf,404
https://www.intenselighting.com/en/docs/IL_MXG2PSW.pdf,404
https://insightlighting.com/download/structure-mini-direct-white-light-spec-sheet/,500
https://www.intenselighting.com/en/docs/IL_MXG2PSW_WD.pdf,404
https://www.intenselighting.com/en/docs/IL_SC8DRREM.pdf,404
https://insightlighting.com/download/scope-mini-surface-color-changing-specification-sheet/,500
https://juno.acuitybrands.com/api/products/getasset/juno/1777018/0517f67e-33eb-4973-a114-1b2563aaa4b0/jfx.pdf?abl_version=03%2f14%2f2023+18%3a11%3a50&DOC_Type=SPEC_SHEET,404
https://www.kelvix.com/product/signwave-3/spec-sheet/,404
https://www.kelvix.com/product/brett-502/spec-sheet/,404
https://www.q-tran.com/Customer-Content/www/products/Files/ORD_EXT_VERS09.pdf?d=8292022114811,404
https://www.q-tran.com/Customer-Content/www/products/Files/ORD_EXT_VERS08.pdf?d=88202230058,404
https://www.q-tran.com/Customer-Content/www/products/Files/ORD-FXT-WURM-RGBW.pdf?d=34202282606,404
https://www.q-tran.com/Customer-Content/www/products/Files/ORD-FXT-KURV-BK-SC.pdf?d=5202022124454,404
https://www.q-tran.com/Customer-Content/www/products/Files/ORD_FXT_EMBD-FLAT.pdf?d=125202312226,404
https://www.q-tran.com/Customer-Content/www/products/Files/ORD_FXT_ATOM-FLAT.pdf?d=8172021104924,404
https://www.q-tran.com/Customer-Content/www/products/Files/ORD_FXT_ALTA-FLAT.pdf?d=331202211843,404
https://www.q-tran.com/Customer-Content/www/products/Files/ORD_FXT_ARKA-FLAT.pdf?d=524202220601,404
https://www.q-tran.com/Customer-Content/www/products/Files/ORD_FXT_THIN.pdf?d=1220202281306,404
https://www.q-tran.com/Customer-Content/www/products/Files/ORD_FXT_TORQ-FLAT.pdf?d=524202221453,404
https://www.q-tran.com/Customer-Content/www/products/Files/ORD-FXT-NEXUS-SW.pdf?d=816202150937,404
https://www.q-tran.com/Customer-Content/www/products/Files/ORD-FXT-LUME-01-SC.pdf?d=1122202192218,404
https://www.q-tran.com/Customer-Content/www/products/Files/ORD-FXT-ANYBEND-RGB.pdf?d=119202211904,404
https://www.q-tran.com/Customer-Content/www/products/Files/ORD-FXT-WALA-SW.pdf?d=816202151258,404
https://www.q-tran.com/Customer-Content/www/products/Files/ORD-FXT-ANYBEND-SW.pdf?d=119202211634,404
https://www.q-tran.com/Customer-Content/www/products/Files/ORD-FXT-ZALA-SC.pdf?d=4222022123202,404
https://www.intenselighting.com/en/docs/IL_MXG2ASTL_BEAM-Adjustable.pdf,404
https://www.intenselighting.com/en/docs/IL_MXG2DSTL_BEAM-Downlight.pdf,404
https://www.axislighting.com/application/files/3116/7778/0070/Stencil-Flex-TDHDP.SPEC.pdf,404
https://www.axislighting.com/application/files/1016/6491/5004/B2SQD.LED.SPEC.pdf,404
https://www.axislighting.com/application/files/8516/5712/4018/Stencil-Pendant-Forms-Combined.SPEC.pdf,404
https://www.waclighting.com/product/strut-56/?download=specs2&1676620206,404
https://www.waclighting.com/product/strut-57/?download=specs2&1676620195,404
https://www.waclighting.com/product/strut-55/?download=specs2&1676620218,404
https://www.waclighting.com/product/strut-54/?download=specs2&1676620230,404
https://www.waclighting.com/product/strut-58/?download=specs2&1676620183,404
https://www.axislighting.com/application/files/1016/7811/8258/B6R.ASY.LED-B3.SPEC.pdf,404
https://mm.digikey.com/Volume0/opasdata/d220001/medias/docus/2292/438A_Series.pdf,403
https://mm.digikey.com/Volume0/opasdata/d220001/medias/docus/1147/356_Series.pdf,403
https://mm.digikey.com/Volume0/opasdata/d220001/medias/docus/1086/463_Series.pdf,403
https://mm.digikey.com/Volume0/opasdata/d220001/medias/docus/45/885_Series_Fuse.pdf,403
https://www.timesmicrowave.com/DataSheets/CableProducts/LMR-300.pdf,404
https://mm.digikey.com/Volume0/opasdata/d220001/medias/docus/2153/9272_Series%28in%29.pdf,403
https://mm.digikey.com/Volume0/opasdata/d220001/medias/docus/2250/1000671047_Ds.pdf,403
https://www.te.com/commerce/DocumentDelivery/DDEController?Action=srchrtrv&DocNm=7528A5314&DocType=Customer+Drawing&DocLang=English,500
https://mm.digikey.com/Volume0/opasdata/d220001/medias/docus/695/086SC-2401_Ds.pdf,403
https://literature.hubersuhner.com/Technologies/Radiofrequency/MicrowavecabelesEN/?gotofirstsearchresult=MINIBEND%20R-2.5&page=1,404
https://mm.digikey.com/Volume0/opasdata/d220001/medias/docus/2430/Coaxial%20Cable%20Systems%20non-plenum.pdf,403
https://mm.digikey.com/Volume0/opasdata/d220001/medias/docus/4810/C1156.pdf,403
https://mm.digikey.com/Volume0/opasdata/d220001/medias/docus/1062/C1178.21.01.pdf,403
https://mm.digikey.com/Volume0/opasdata/d220001/medias/docus/13/50CX-42.pdf,403
https://mm.digikey.com/Volume0/opasdata/d220001/medias/docus/13/50CX-41.pdf,403
https://www.te.com/commerce/DocumentDelivery/DDEController?Action=srchrtrv&DocNm=7528A1317&DocType=Customer+Drawing&DocLang=English&PartCntxt=440063-007,500
https://mm.digikey.com/Volume0/opasdata/d220001/medias/docus/2143/1000671086_Ds.pdf,403
https://www.timesmicrowave.com/DataSheets/CableProducts/LMR-500.pdf,404
https://mm.digikey.com/Volume0/opasdata/d220001/medias/docus/2250/1000671141_Ds.pdf,403
https://mm.digikey.com/Volume0/opasdata/d220001/medias/docus/533/141SC-1901.pdf,403
https://www.timesmicrowave.com/DataSheets/CableProducts/LMR-LW195.pdf,404
https://mm.digikey.com/Volume0/opasdata/d220001/medias/docus/6223/89272.pdf,403
https://mm.digikey.com/Volume0/opasdata/d220001/medias/docus/6155/LMR-400-LLPX.pdf,403
https://mm.digikey.com/Volume0/opasdata/d220001/medias/docus/6155/TCOM-600.pdf,403
https://mm.digikey.com/Volume0/opasdata/d220001/medias/docus/5731/tmp_202620.tmp.pdf,403
https://mm.digikey.com/Volume0/opasdata/d220001/medias/docus/5731/tmp_745663.tmp.pdf,403
https://mm.digikey.com/Volume0/opasdata/d220001/medias/docus/5731/tmp_190554.tmp.pdf,403
https://mm.digikey.com/Volume0/opasdata/d220001/medias/docus/5731/tmp_802501.tmp.pdf,403
https://mm.digikey.com/Volume0/opasdata/d220001/medias/docus/5731/tmp_179820.tmp.pdf,403
https://mm.digikey.com/Volume0/opasdata/d220001/medias/docus/5731/tmp_438368.tmp.pdf,403
https://mm.digikey.com/Volume0/opasdata/d220001/medias/docus/5731/tmp_485378.tmp.pdf,403
https://mm.digikey.com/Volume0/opasdata/d220001/medias/docus/5731/tmp_900441.tmp.pdf,403
https://www.te.com/commerce/DocumentDelivery/DDEController?Action=srchrtrv&DocNm=5022A1311&DocType=Customer+Drawing&DocLang=English,500
https://mm.digikey.com/Volume0/opasdata/d220001/medias/docus/5731/tmp_447906.tmp.pdf,403
https://mm.digikey.com/Volume0/opasdata/d220001/medias/docus/3928/A28CF.pdf,403
https://mm.digikey.com/Volume0/opasdata/d220001/medias/docus/4243/A28SS.pdf,403
https://mm.digikey.com/Volume0/opasdata/d220001/medias/docus/3569/A29SS.pdf,403
https://mm.digikey.com/Volume0/opasdata/d220001/medias/docus/3995/A28RFJ.pdf,403
https://mm.digikey.com/Volume0/opasdata/d220001/medias/docus/5731/tmp_211752.tmp.pdf,403
https://mm.digikey.com/Volume0/opasdata/d220001/medias/docus/5731/tmp_471130.tmp.pdf,403
https://mm.digikey.com/Volume0/opasdata/d220001/medias/docus/5731/tmp_394581.tmp.pdf,403
https://mm.digikey.com/Volume0/opasdata/d220001/medias/docus/5731/tmp_492811.tmp.pdf,403
https://mm.digikey.com/Volume0/opasdata/d220001/medias/docus/5731/tmp_41183.tmp.pdf,403
https://mm.digikey.com/Volume0/opasdata/d220001/medias/docus/5731/tmp_431842.tmp.pdf,403
https://mm.digikey.com/Volume0/opasdata/d220001/medias/docus/5731/tmp_532099.tmp.pdf,403
https://mm.digikey.com/Volume0/opasdata/d220001/medias/docus/5731/tmp_317337.tmp.pdf,403
https://mm.digikey.com/Volume0/opasdata/d220001/medias/docus/5731/tmp_621699.tmp.pdf,403
https://mm.digikey.com/Volume0/opasdata/d220001/medias/docus/5731/tmp_670814.tmp.pdf,403
https://mm.digikey.com/Volume0/opasdata/d220001/medias/docus/5731/tmp_967452.tmp.pdf,403
https://www.adels-contact.com/pdf351101.pdf,404
https://www.hirose.com/product/document?clcode=CL0667-0028-7-21&productname=DF59SN-1P-FC(21)&series=DF59S__DF59SN&documenttype=Catalog&lang=en&documentid=D31625_en,500
https://www.adels-contact.com/pdf351102.pdf,404
https://mm.digikey.com/Volume0/opasdata/d220001/medias/docus/665/1704853.pdf,403
https://mm.digikey.com/Volume0/opasdata/d220001/medias/docus/665/1704858.pdf,403
https://mm.digikey.com/Volume0/opasdata/d220001/medias/docus/665/1704857.pdf,403
https://www.adels-contact.com/pdf151585.pdf,404
https://mm.digikey.com/Volume0/opasdata/d220001/medias/docus/665/1814867.pdf,403
https://mm.digikey.com/Volume0/opasdata/d220001/medias/docus/500/1814647.pdf,403
https://mm.digikey.com/Volume0/opasdata/d220001/medias/docus/665/1815280.pdf,403
https://cdn.amphenol-cs.com/media/wysiwyg/files/documentation/datasheet/boardwiretoboard/bwb_rotaconnect_rotatable_btb.pdf,403
https://www.wago.com/global/products/datasheets/Datasheet.pdf?product=2060-952/028-000&lang=en,403
https://mm.digikey.com/Volume0/opasdata/d220001/medias/docus/2472/DF59 Brochure.pdf,403
https://mm.digikey.com/Volume0/opasdata/d220001/medias/docus/665/1815303.pdf,403
https://www.adels-contact.com/pdf151582.pdf,404
https://mm.digikey.com/Volume0/opasdata/d220001/medias/docus/665/1815293.pdf,403
https://mm.digikey.com/Volume0/opasdata/d220001/medias/docus/1165/1830142.pdf,403
https://mm.digikey.com/Volume0/opasdata/d220001/medias/docus/665/1704854.pdf,403
https://mm.digikey.com/Volume0/opasdata/d220001/medias/docus/1028/1778722.pdf,403
https://mm.digikey.com/Volume0/opasdata/d220001/medias/docus/905/1778735.pdf,403
https://www.adels-contact.com/pdf151183.pdf,404
https://www.adels-contact.com/pdf151485.pdf,404
https://www.adels-contact.com/pdf151465.pdf,404
https://mm.digikey.com/Volume0/opasdata/d220001/medias/docus/665/1704859.pdf,403
https://cdn.amphenol-cs.com/media/wysiwyg/files/drawing/p-fls-sr40-01.pdf,403
https://www.wago.com/global/products/datasheets/Datasheet.pdf?product=2065-133&lang=en,403
https://www.adels-contact.com/pdf351901.pdf,404
https://mm.digikey.com/Volume0/opasdata/d220001/medias/docus/1222/1840035.pdf,403
https://www.wago.com/global/products/datasheets/Datasheet.pdf?product=2059-901/021-000&lang=en,403
https://www.wago.com/global/products/datasheets/Datasheet.pdf?product=2060-952/030-000&lang=en,403
https://mm.digikey.com/Volume0/opasdata/d220001/medias/docus/510/DF59S%2CSN.pdf,403
https://www.adels-contact.com/pdf351401.pdf,404
https://mm.digikey.com/Volume0/opasdata/d220001/medias/docus/665/1814883.pdf,403
https://mm.digikey.com/Volume0/opasdata/d220001/medias/docus/1777/1778706.pdf,403
https://mm.digikey.com/Volume0/opasdata/d220001/medias/docus/500/1814676.pdf,403
https://www.adels-contact.com/pdf151482.pdf,404
https://www.wago.com/global/products/datasheets/Datasheet.pdf?product=2059-902/021-000&lang=en,403
https://mm.digikey.com/Volume0/opasdata/d220001/medias/docus/500/1814744.pdf,403
https://cdn.amphenol-cs.com/media/wysiwyg/files/drawing/p-flm-s21-xx.pdf,403
https://mm.digikey.com/Volume0/opasdata/d220001/medias/docus/500/1814605.pdf,403
https://www.adels-contact.com/pdf11630.pdf,404
https://mm.digikey.com/Volume0/opasdata/d220001/medias/docus/665/1815316.pdf,403
https://mm.digikey.com/Volume0/opasdata/d220001/medias/docus/327/pdf160053.pdf,403
https://mm.digikey.com/Volume0/opasdata/d220001/medias/docus/500/1814760.pdf,403
https://cdn.amphenol-cs.com/media/wysiwyg/files/drawing/p-flm-p21-xx.pdf,403
https://cdn.amphenol-cs.com/media/wysiwyg/files/drawing/p-flm-p23-xx.pdf,403
https://www.adels-contact.com/pdf351402.pdf,404
https://www.wago.com/global/products/datasheets/Datasheet.pdf?product=2059-903/021-000&lang=en,403
https://mm.digikey.com/Volume0/opasdata/d220001/medias/docus/500/1814553.pdf,403
https://mm.digikey.com/Volume0/opasdata/d220001/medias/docus/665/1815329.pdf,403
https://mm.digikey.com/Volume0/opasdata/d220001/medias/docus/665/1814906.pdf,403
https://mm.digikey.com/Volume0/opasdata/d220001/medias/docus/500/1814621.pdf,403
https://mm.digikey.com/Volume0/opasdata/d220001/medias/docus/665/1815044.pdf,403
https://www.adels-contact.com/pdf151583.pdf,404
https://mm.digikey.com/Volume0/opasdata/d220001/medias/docus/665/1814977.pdf,403
https://mm.digikey.com/Volume0/opasdata/d220001/medias/docus/665/1815251.pdf,403
https://cdn.amphenol-cs.com/media/wysiwyg/files/drawing/p-flm-p22-xx.pdf,403
https://cdn.amphenol-cs.com/media/wysiwyg/files/drawing/p-flm-s23-xx.pdf,403
https://mm.digikey.com/Volume0/opasdata/d220001/medias/docus/799/1830184.pdf,403
https://mm.digikey.com/Volume0/opasdata/d220001/medias/docus/5337/P.S-I-81243-A.pdf,403
https://mm.digikey.com/Volume0/opasdata/d220001/medias/docus/2469/CXA-0538-A Drawing.pdf,403
https://mm.digikey.com/Volume0/opasdata/d220001/medias/docus/5337/P.S-I-45415-A.pdf,403
https://mm.digikey.com/Volume0/opasdata/d220001/medias/docus/5343/P.S-I-81440.pdf,403
https://mm.digikey.com/Volume0/opasdata/d220001/medias/docus/460/P.S-I-80948.pdf,403
https://mm.digikey.com/Volume0/opasdata/d220001/medias/docus/5341/P.S-I-81142_12V.pdf,403
https://mm.digikey.com/Volume0/opasdata/d220001/medias/docus/4831/P.S-I-81350-24V.pdf,403
https://mm.digikey.com/Volume0/opasdata/d220001/medias/docus/5335/P.S-I-81338-A.pdf,403
https://mm.digikey.com/Volume0/opasdata/d220001/medias/docus/5786/P.S-I-81659.pdf,403
https://mm.digikey.com/Volume0/opasdata/d220001/medias/docus/1135/317_Web.pdf,403
https://mm.digikey.com/Volume0/opasdata/d220001/medias/docus/1006/564_Web.pdf,403
https://mm.digikey.com/Volume0/opasdata/d220001/medias/docus/1197/1349_Web.pdf,403
https://mm.digikey.com/Volume0/opasdata/d220001/medias/docus/1140/1350_Web.pdf,403
https://mm.digikey.com/Volume0/opasdata/d220001/medias/docus/1261/831_Web.pdf,403
https://mm.digikey.com/Volume0/opasdata/d220001/medias/docus/1278/832_Web.pdf,403
https://mm.digikey.com/Volume0/opasdata/d220001/medias/docus/735/448_Web.pdf,403
https://mm.digikey.com/Volume0/opasdata/d220001/medias/docus/993/CXA-M1112-VJ.pdf,403
https://mm.digikey.com/Volume0/opasdata/d220001/medias/docus/979/BXA-12553.pdf,403
https://mm.digikey.com/Volume0/opasdata/d220001/medias/docus/906/BXA-12576.pdf,403
https://mm.digikey.com/Volume0/opasdata/d220001/medias/docus/4847/DS_289_BXA-302.pdf,403
https://mm.digikey.com/Volume0/opasdata/d220001/medias/docus/718/BXA-12549-6M2.pdf,403
https://mm.digikey.com/Volume0/opasdata/d220001/medias/docus/901/BXA-503.pdf,403
https://mm.digikey.com/Volume0/opasdata/d220001/medias/docus/1121/BXA-12617C-6M.pdf,403
https://mm.digikey.com/Volume0/opasdata/d220001/medias/docus/952/BXA-12594-5M.pdf,403
https://mm.digikey.com/Volume0/opasdata/d220001/medias/docus/837/BXA-12598-5M.pdf,403
https://mm.digikey.com/Volume0/opasdata/d220001/medias/docus/718/BXA-12613-7M.pdf,403
https://mm.digikey.com/Volume0/opasdata/d220001/medias/docus/722/NDL_Series.pdf,403
https://mm.digikey.com/Volume0/opasdata/d220001/medias/docus/1069/BXA-501.pdf,403
https://mm.digikey.com/Volume0/opasdata/d220001/medias/docus/986/HBL-0204.pdf,403
https://mm.digikey.com/Volume0/opasdata/d220001/medias/docus/959/HBL-0270.pdf,403
https://mm.digikey.com/Volume0/opasdata/d220001/medias/docus/993/CXA-0271.pdf,403
https://mm.digikey.com/Volume0/opasdata/d220001/medias/docus/889/CXA-0308.pdf,403
https://mm.digikey.com/Volume0/opasdata/d220001/medias/docus/1013/CXA-0326.pdf,403
https://mm.digikey.com/Volume0/opasdata/d220001/medias/docus/901/CXA-0338.pdf,403
https://mm.digikey.com/Volume0/opasdata/d220001/medias/docus/1033/CXA-K0505-VJL.pdf,403
https://mm.digikey.com/Volume0/opasdata/d220001/medias/docus/1091/CXA-K0612-VSL.pdf,403
https://mm.digikey.com/Volume0/opasdata/d220001/medias/docus/1033/CXA-L0505-NJL.pdf,403
https://mm.digikey.com/Volume0/opasdata/d220001/medias/docus/413/CXA-L0512-NJL.pdf,403
https://mm.digikey.com/Volume0/opasdata/d220001/medias/docus/413/CXA-L0524-NJL.pdf,403
https://mm.digikey.com/Volume0/opasdata/d220001/medias/docus/1091/CXA-L0605-VJL.pdf,403
https://mm.digikey.com/Volume0/opasdata/d220001/medias/docus/1000/CXA-L0612.pdf,403
https://mm.digikey.com/Volume0/opasdata/d220001/medias/docus/1162/CXA-L0612A-VJL.pdf,403
https://mm.digikey.com/Volume0/opasdata/d220001/medias/docus/1148/CXA-L0712-VJL.pdf,403
"https://mm.digikey.com/Volume0/opasdata/d220001/medias/docus/866/CXA-L10A,-L10L.pdf",403
"https://mm.digikey.com/Volume0/opasdata/d220001/medias/docus/2474/CXA-M10A-L, M10L-L, M10M-L.pdf",403
https://mm.digikey.com/Volume0/opasdata/d220001/medias/docus/1115/CXA-M1212-RJL.pdf,403
https://mm.digikey.com/Volume0/opasdata/d220001/medias/docus/900/CXA-M14L-P.pdf,403
https://mm.digikey.com/Volume0/opasdata/d220001/medias/docus/905/CXA-P1012-NJL.pdf,403
"https://mm.digikey.com/Volume0/opasdata/d220001/medias/docus/894/CXA-P10A-P,-P10L-P,-P10M-P.pdf",403
https://mm.digikey.com/Volume0/opasdata/d220001/medias/docus/1033/CXA-P1212-VJL.pdf,403
https://mm.digikey.com/Volume0/opasdata/d220001/medias/docus/1020/CXA-P1212A-WJL.pdf,403
https://mm.digikey.com/Volume0/opasdata/d220001/medias/docus/834/CXA-P1212B-WJL.pdf,403
https://mm.digikey.com/Volume0/opasdata/d220001/medias/docus/1109/CXA-P1612-VJL.pdf,403
https://mm.digikey.com/Volume0/opasdata/d220001/medias/docus/1026/CXA-P20L-L.pdf,403
https://mm.digikey.com/Volume0/opasdata/d220001/medias/docus/371/LXM1611-01.pdf,403
https://mm.digikey.com/Volume0/opasdata/d220001/medias/docus/1021/LXM1626-12-64.pdf,403
https://mm.digikey.com/Volume0/opasdata/d220001/medias/docus/829/BXA-12379.pdf,403
https://mm.digikey.com/Volume0/opasdata/d220001/medias/docus/1018/BXA-12563.pdf,403
https://mm.digikey.com/Volume0/opasdata/d220001/medias/docus/374/LXMG1621_rev07.pdf,403
https://mm.digikey.com/Volume0/opasdata/d220001/medias/docus/374/lxmg1623-12-44.pdf,403
https://mm.digikey.com/Volume0/opasdata/d220001/medias/docus/998/BXA-12665-5M.pdf,403
https://mm.digikey.com/Volume0/opasdata/d220001/medias/docus/1073/LS380_RH.pdf,403
https://mm.digikey.com/Volume0/opasdata/d220001/medias/docus/729/LS460_RH.pdf,403
https://mm.digikey.com/Volume0/opasdata/d220001/medias/docus/921/LS530_RH.pdf,403
https://mm.digikey.com/Volume0/opasdata/d220001/medias/docus/911/LS655_RH-v2.pdf,403
https://mm.digikey.com/Volume0/opasdata/d220001/medias/docus/1067/LS720A_RH.pdf,403
https://mm.digikey.com/Volume0/opasdata/d220001/medias/docus/1148/SIPF150_RH.pdf,403
https://mm.digikey.com/Volume0/opasdata/d220001/medias/docus/1026/SIPF200_RH.pdf,403
https://mm.digikey.com/Volume0/opasdata/d220001/medias/docus/1091/KLS150A_RH.pdf,403
https://mm.digikey.com/Volume0/opasdata/d220001/medias/docus/947/KBI-B02D-RH.pdf,403
https://mm.digikey.com/Volume0/opasdata/d220001/medias/docus/1/LXMG1618A-12-4x.pdf,403
https://mm.digikey.com/Volume0/opasdata/d220001/medias/docus/812/BXA-12579_MOD5.pdf,403
